-- =========================================
-- BASE DE DATOS
-- Colegio PanchitoBilingue
-- =========================================

CREATE DATABASE PanchitoBilingue;
USE PanchitoBilingue;

-- =========================================
-- TABLA CIUDADES
-- =========================================

CREATE TABLE Ciudades(
id_ciudad INT PRIMARY KEY,
ciudad VARCHAR(50)
);

INSERT INTO Ciudades VALUES
(1,'San Miguel'),
(2,'Usulutan'),
(3,'La Union'),
(4,'San Salvador'),
(5,'Morazan');

-- =========================================
-- TABLA GRADOS
-- =========================================

CREATE TABLE Grados(
id_grado INT PRIMARY KEY,
grado VARCHAR(30)
);

INSERT INTO Grados VALUES
(1,'Kinder'),
(2,'Primer Grado'),
(3,'Segundo Grado'),
(4,'Tercer Grado'),
(5,'Cuarto Grado'),
(6,'Quinto Grado'),
(7,'Sexto Grado');

-- =========================================
-- TABLA ESTUDIANTES (200 registros)
-- =========================================

CREATE TABLE Estudiantes(
id_estudiante INT PRIMARY KEY,
nombre VARCHAR(50),
edad INT,
id_ciudad INT,
FOREIGN KEY (id_ciudad) REFERENCES Ciudades(id_ciudad)
);

INSERT INTO Estudiantes VALUES
(1,'Carlos Lopez',7,1),
(2,'Maria Hernandez',8,1),
(3,'Luis Martinez',6,2),
(4,'Ana Gomez',7,2),
(5,'Pedro Torres',8,1),
(6,'Sofia Ramos',6,3),
(7,'Daniel Cruz',7,1),
(8,'Laura Perez',8,4),
(9,'Jose Aguilar',7,2),
(10,'Camila Flores',6,1),
(11,'Miguel Chavez',7,2),
(12,'Andrea Molina',8,1),
(13,'Diego Rivera',6,1),
(14,'Valeria Campos',7,3),
(15,'Jorge Mendoza',8,1),
(16,'Gabriela Castro',7,1),
(17,'Fernando Quintana',6,2),
(18,'Daniela Sanchez',8,1),
(19,'Emiliano Flores',5,1),
(20,'Alejandra Romero',9,1),
(21,'Sebastian Miranda',7,2),
(22,'Victoria Navarro',4,1),
(23,'Javier Lemus',6,1),
(24,'Valeria Ortiz',8,1),
(25,'Samuel Garcia',5,2),
(26,'Paola Hernandez',9,1),
(27,'Kevin Rivera',10,1),
(28,'Mariana Renderos',3,1),
(29,'Cristopher Meza',7,2),
(30,'Andrea Flores',9,1),
(31,'Luciana Pineda',4,3),
(32,'Rodrigo Alvarado',8,1),
(33,'Katherine Sorto',11,1),
(34,'Mauricio Guardado',10,1),
(35,'Camila Villalta',8,2),
(36,'Juan Romero',4,1),
(37,'Sara Martinez',6,1),
(38,'Luis Diaz',10,1),
(39,'Diana Lopez',9,2),
(40,'Josue Sanchez',7,1),
(41,'Emma Hernandez',3,1),
(42,'Diego Quintanilla',9,3),
(43,'Maria Rivera',8,1),
(44,'Alejandro Meza',5,1),
(45,'Gabriela Guardado',11,1),
(46,'Hector Flores',6,2),
(47,'Karla Renderos',10,1),
(48,'Rafael Castro',8,1),
(49,'Maria Pineda',4,1),
(50,'Carlos Hernandez',8,2),
(51,'Ana Martinez',9,1),
(52,'Santiago Alvarado',3,1),
(53,'Valeria Diaz',10,1),
(54,'Luis Rivera',7,3),
(55,'Camila Quintanilla',5,1),
(56,'Andres Guevara',8,2),
(57,'Isabella Castro',3,1),
(58,'Fernando Quintanilla',9,3),
(59,'Daniela Sanchez',10,1),
(60,'Emiliano Flores',5,1),
(61,'Alejandra Romero',13,1),
(62,'Sebastian Miranda',7,2),
(63,'Victoria Navarro',4,1),
(64,'Javier Lemus',6,1),
(65,'Valeria Ortiz',8,1),
(66,'Samuel Garcia',5,2),
(67,'Paola Hernandez',13,1),
(68,'Kevin Rivera',14,1),
(69,'Mariana Renderos',3,1),
(70,'Cristopher Meza',7,2),
(71,'Andrea Flores',9,1),
(72,'Luciana Pineda',4,3),
(73,'Rodrigo Alvarado',12,1),
(74,'Katherine Sorto',11,1),
(75,'Mauricio Guardado',10,1),
(76,'Camila Villalta',8,2),
(77,'Juan Romero',4,1),
(78,'Sara Martinez',6,1),
(79,'Luis Diaz',14,1),
(80,'Diana Lopez',9,2),
(81,'Josue Sanchez',7,1),
(82,'Emma Hernandez',3,1),
(83,'Diego Quintanilla',13,3),
(84,'Maria Rivera',12,1),
(85,'Alejandro Meza',5,1),
(86,'Gabriela Guardado',11,1),
(87,'Hector Flores',6,2),
(88,'Karla Renderos',10,1),
(89,'Rafael Castro',8,1),
(90,'Maria Pineda',4,1),
(91,'Carlos Hernandez',12,2),
(92,'Ana Martinez',9,1),
(93,'Santiago Alvarado',3,1),
(94,'Valeria Diaz',14,1),
(95,'Luis Rivera',7,3),
(96,'Camila Quintanilla',5,1),
(97,'Andres Guevara',12,2),
(98,'Isabella Castro',3,1),
(99,'Fernando Quintanilla',9,3),
(100,'Daniela Sanchez',10,1),
(101,'Emiliano Flores',5,1),
(102,'Alejandra Romero',13,1),
(103,'Sebastian Miranda',11,2),
(104,'Victoria Navarro',4,1),
(105,'Javier Lemus',6,1),
(106,'Valeria Ortiz',8,1),
(107,'Samuel Garcia',5,2),
(108,'Paola Hernandez',13,1),
(109,'Kevin Rivera',14,1),
(110,'Mariana Renderos',3,1),
(111,'Cristopher Meza',7,2),
(112,'Andrea Flores',9,1),
(113,'Luciana Pineda',4,3),
(114,'Rodrigo Alvarado',12,1),
(115,'Katherine Sorto',11,1),
(116,'Mauricio Guardado',10,1),
(117,'Camila Villalta',8,2),
(118,'Juan Romero',4,1),
(119,'Sara Martinez',6,1),
(120,'Luis Diaz',14,1),
(121,'Diana Lopez',9,2),
(122,'Josue Sanchez',7,1),
(123,'Emma Hernandez',3,1),
(124,'Diego Quintanilla',13,3),
(125,'Maria Rivera',12,1),
(126,'Alejandro Meza',5,1),
(127,'Gabriela Guardado',11,1),
(128,'Hector Flores',6,2),
(129,'Karla Renderos',10,1),
(130,'Rafael Castro',8,1),
(131,'Maria Pineda',4,1),
(132,'Carlos Hernandez',12,2),
(133,'Ana Martinez',9,1),
(134,'Santiago Alvarado',3,1),
(135,'Valeria Diaz',14,1),
(136,'Luis Rivera',7,3),
(137,'Camila Quintanilla',5,1),
(138,'Andres Guevara',12,2),
(139,'Isabella Castro',3,1),
(140,'Fernando Quintanilla',9,3),
(141,'Daniela Sanchez',10,1),
(142,'Emiliano Flores',5,1),
(143,'Alejandra Romero',13,1),
(144,'Sebastian Miranda',11,2),
(145,'Victoria Navarro',4,1),
(146,'Javier Lemus',6,1),
(147,'Valeria Ortiz',8,1),
(148,'Samuel Garcia',5,2),
(149,'Paola Hernandez',13,1),
(150,'Kevin Rivera',14,1),
(151,'Mariana Renderos',3,1),
(152,'Cristopher Meza',7,2),
(153,'Andrea Flores',9,1),
(154,'Luciana Pineda',4,3),
(155,'Rodrigo Alvarado',12,1),
(156,'Katherine Sorto',11,1),
(157,'Mauricio Guardado',10,1),
(158,'Camila Villalta',8,2),
(159,'Juan Romero',4,1),
(160,'Sara Martinez',6,1),
(161,'Luis Diaz',14,1),
(162,'Diana Lopez',9,2),
(163,'Josue Sanchez',7,1),
(164,'Emma Hernandez',3,1),
(165,'Diego Quintanilla',13,3),
(166,'Maria Rivera',12,1),
(167,'Alejandro Meza',5,1),
(168,'Gabriela Guardado',11,1),
(169,'Hector Flores',6,2),
(170,'Karla Renderos',10,1),
(171,'Rafael Castro',8,1),
(172,'Maria Pineda',4,1),
(173,'Carlos Hernandez',12,2),
(174,'Ana Martinez',9,1),
(175,'Santiago Alvarado',3,1),
(176,'Valeria Diaz',14,1),
(177,'Luis Rivera',7,3),
(178,'Camila Quintanilla',5,1),
(179,'Andres Guevara',12,2),
(180,'Isabella Castro',3,1),
(181,'Fernando Quintanilla',9,3),
(182,'Daniela Sanchez',10,1),
(183,'Emiliano Flores',5,1),
(184,'Alejandra Romero',13,1),
(185,'Sebastian Miranda',11,2),
(186,'Victoria Navarro',4,1),
(187,'Javier Lemus',6,1),
(188,'Valeria Ortiz',8,1),
(189,'Samuel Garcia',5,2),
(190,'Paola Hernandez',13,1),
(191,'Kevin Rivera',14,1),
(192,'Mariana Renderos',3,1),
(193,'Cristopher Meza',7,2),
(194,'Andrea Flores',9,1),
(195,'Luciana Pineda',4,3),
(196,'Rodrigo Alvarado',12,1),
(197,'Katherine Sorto',11,1),
(198,'Mauricio Guardado',10,1),
(199,'Camila Villalta',8,2),
(200,'Juan Romero',4,1);

-- =========================================
-- TABLA INSCRIPCIONES (200 registros)
-- =========================================

CREATE TABLE Inscripciones(
id_inscripcion INT PRIMARY KEY,
id_estudiante INT,
id_grado INT,
anio INT,
FOREIGN KEY (id_estudiante) REFERENCES Estudiantes(id_estudiante),
FOREIGN KEY (id_grado) REFERENCES Grados(id_grado)
);

INSERT INTO Inscripciones VALUES
(1,1,2,2024),
(2,2,3,2024),
(3,3,1,2024),
(4,4,2,2024),
(5,5,3,2024),
(6,6,1,2024),
(7,7,2,2024),
(8,8,3,2024),
(9,9,2,2024),
(10,10,1,2024),
(11,11,2,2024),
(12,12,3,2024),
(13,13,1,2024),
(14,14,2,2024),
(15,15,3,2024),
(16,16,2,2024),
(17,17,1,2024),
(18,18,3,2024),
(19,19,1,2024),
(20,20,4,2024),
(21,21,2,2024),
(22,22,1,2024),
(23,23,1,2024),
(24,24,2,2024),
(25,25,1,2024),
(26,26,4,2024),
(27,27,5,2024),
(28,28,1,2024),
(29,29,2,2024),
(30,30,4,2024),
(31,31,1,2024),
(32,32,3,2024),
(33,33,6,2024),
(34,34,5,2024),
(35,35,3,2024),
(36,36,1,2024),
(37,37,1,2024),
(38,38,5,2024),
(39,39,4,2024),
(40,40,2,2024),
(41,41,1,2024),
(42,42,4,2024),
(43,43,3,2024),
(44,44,1,2024),
(45,45,6,2024),
(46,46,1,2024),
(47,47,5,2024),
(48,48,3,2024),
(49,49,1,2024),
(50,50,3,2024),
(51,51,4,2024),
(52,52,1,2024),
(53,53,5,2024),
(54,54,2,2024),
(55,55,1,2024),
(56,56,3,2024),
(57,57,1,2024),
(58,58,4,2024),
(59,59,5,2024),
(60,60,1,2024),
(61,61,7,2024),
(62,62,2,2024),
(63,63,1,2024),
(64,64,1,2024),
(65,65,3,2024),
(66,66,1,2024),
(67,67,7,2024),
(68,68,7,2024),
(69,69,1,2024),
(70,70,2,2024),
(71,71,4,2024),
(72,72,1,2024),
(73,73,6,2024),
(74,74,6,2024),
(75,75,5,2024),
(76,76,3,2024),
(77,77,1,2024),
(78,78,1,2024),
(79,79,7,2024),
(80,80,4,2024),
(81,81,2,2024),
(82,82,1,2024),
(83,83,7,2024),
(84,84,6,2024),
(85,85,1,2024),
(86,86,6,2024),
(87,87,1,2024),
(88,88,5,2024),
(89,89,3,2024),
(90,90,1,2024),
(91,91,6,2024),
(92,92,4,2024),
(93,93,1,2024),
(94,94,7,2024),
(95,95,2,2024),
(96,96,1,2024),
(97,97,6,2024),
(98,98,1,2024),
(99,99,4,2024),
(100,100,5,2024),
(101,101,1,2024),
(102,102,7,2024),
(103,103,5,2024),
(104,104,1,2024),
(105,105,1,2024),
(106,106,3,2024),
(107,107,1,2024),
(108,108,7,2024),
(109,109,7,2024),
(110,110,1,2024),
(111,111,2,2024),
(112,112,4,2024),
(113,113,1,2024),
(114,114,6,2024),
(115,115,6,2024),
(116,116,5,2024),
(117,117,3,2024),
(118,118,1,2024),
(119,119,1,2024),
(120,120,7,2024),
(121,121,4,2024),
(122,122,2,2024),
(123,123,1,2024),
(124,124,7,2024),
(125,125,6,2024),
(126,126,1,2024),
(127,127,6,2024),
(128,128,1,2024),
(129,129,5,2024),
(130,130,3,2024),
(131,131,1,2024),
(132,132,6,2024),
(133,133,4,2024),
(134,134,1,2024),
(135,135,7,2024),
(136,136,2,2024),
(137,137,1,2024),
(138,138,6,2024),
(139,139,1,2024),
(140,140,4,2024),
(141,141,5,2024),
(142,142,1,2024),
(143,143,7,2024),
(144,144,5,2024),
(145,145,1,2024),
(146,146,1,2024),
(147,147,3,2024),
(148,148,1,2024),
(149,149,7,2024),
(150,150,7,2024),
(151,151,1,2024),
(152,152,2,2024),
(153,153,4,2024),
(154,154,1,2024),
(155,155,6,2024),
(156,156,6,2024),
(157,157,5,2024),
(158,158,3,2024),
(159,159,1,2024),
(160,160,1,2024),
(161,161,7,2024),
(162,162,4,2024),
(163,163,2,2024),
(164,164,1,2024),
(165,165,7,2024),
(166,166,6,2024),
(167,167,1,2024),
(168,168,6,2024),
(169,169,1,2024),
(170,170,5,2024),
(171,171,3,2024),
(172,172,1,2024),
(173,173,6,2024),
(174,174,4,2024),
(175,175,1,2024),
(176,176,7,2024),
(177,177,2,2024),
(178,178,1,2024),
(179,179,6,2024),
(180,180,1,2024),
(181,181,4,2024),
(182,182,5,2024),
(183,183,1,2024),
(184,184,7,2024),
(185,185,5,2024),
(186,186,1,2024),
(187,187,1,2024),
(188,188,3,2024),
(189,189,1,2024),
(190,190,7,2024),
(191,191,7,2024),
(192,192,1,2024),
(193,193,2,2024),
(194,194,4,2024),
(195,195,1,2024),
(196,196,6,2024),
(197,197,6,2024),
(198,198,5,2024),
(199,199,3,2024),
(200,200,1,2024);

-- =========================================
-- TABLA PAGOS (1,200 registros - 6 meses para 200 estudiantes)
-- =========================================

CREATE TABLE Pagos(
id_pago INT PRIMARY KEY,
id_estudiante INT,
monto DECIMAL(10,2),
mes VARCHAR(20),
anio INT,
FOREIGN KEY (id_estudiante) REFERENCES Estudiantes(id_estudiante)
);

-- Enero 2024
INSERT INTO Pagos VALUES
(1,1,120,'Enero',2024),
(2,2,120,'Enero',2024),
(3,3,120,'Enero',2024),
(4,4,120,'Enero',2024),
(5,5,120,'Enero',2024),
(6,6,120,'Enero',2024),
(7,7,120,'Enero',2024),
(8,8,120,'Enero',2024),
(9,9,120,'Enero',2024),
(10,10,120,'Enero',2024),
(11,11,120,'Enero',2024),
(12,12,120,'Enero',2024),
(13,13,120,'Enero',2024),
(14,14,120,'Enero',2024),
(15,15,120,'Enero',2024),
(16,16,120,'Enero',2024),
(17,17,120,'Enero',2024),
(18,18,120,'Enero',2024),
(19,19,120,'Enero',2024),
(20,20,120,'Enero',2024),
(21,21,120,'Enero',2024),
(22,22,120,'Enero',2024),
(23,23,120,'Enero',2024),
(24,24,120,'Enero',2024),
(25,25,120,'Enero',2024),
(26,26,120,'Enero',2024),
(27,27,120,'Enero',2024),
(28,28,120,'Enero',2024),
(29,29,120,'Enero',2024),
(30,30,120,'Enero',2024),
(31,31,120,'Enero',2024),
(32,32,120,'Enero',2024),
(33,33,120,'Enero',2024),
(34,34,120,'Enero',2024),
(35,35,120,'Enero',2024),
(36,36,120,'Enero',2024),
(37,37,120,'Enero',2024),
(38,38,120,'Enero',2024),
(39,39,120,'Enero',2024),
(40,40,120,'Enero',2024),
(41,41,120,'Enero',2024),
(42,42,120,'Enero',2024),
(43,43,120,'Enero',2024),
(44,44,120,'Enero',2024),
(45,45,120,'Enero',2024),
(46,46,120,'Enero',2024),
(47,47,120,'Enero',2024),
(48,48,120,'Enero',2024),
(49,49,120,'Enero',2024),
(50,50,120,'Enero',2024),
(51,51,120,'Enero',2024),
(52,52,120,'Enero',2024),
(53,53,120,'Enero',2024),
(54,54,120,'Enero',2024),
(55,55,120,'Enero',2024),
(56,56,120,'Enero',2024),
(57,57,120,'Enero',2024),
(58,58,120,'Enero',2024),
(59,59,120,'Enero',2024),
(60,60,120,'Enero',2024),
(61,61,120,'Enero',2024),
(62,62,120,'Enero',2024),
(63,63,120,'Enero',2024),
(64,64,120,'Enero',2024),
(65,65,120,'Enero',2024),
(66,66,120,'Enero',2024),
(67,67,120,'Enero',2024),
(68,68,120,'Enero',2024),
(69,69,120,'Enero',2024),
(70,70,120,'Enero',2024),
(71,71,120,'Enero',2024),
(72,72,120,'Enero',2024),
(73,73,120,'Enero',2024),
(74,74,120,'Enero',2024),
(75,75,120,'Enero',2024),
(76,76,120,'Enero',2024),
(77,77,120,'Enero',2024),
(78,78,120,'Enero',2024),
(79,79,120,'Enero',2024),
(80,80,120,'Enero',2024),
(81,81,120,'Enero',2024),
(82,82,120,'Enero',2024),
(83,83,120,'Enero',2024),
(84,84,120,'Enero',2024),
(85,85,120,'Enero',2024),
(86,86,120,'Enero',2024),
(87,87,120,'Enero',2024),
(88,88,120,'Enero',2024),
(89,89,120,'Enero',2024),
(90,90,120,'Enero',2024),
(91,91,120,'Enero',2024),
(92,92,120,'Enero',2024),
(93,93,120,'Enero',2024),
(94,94,120,'Enero',2024),
(95,95,120,'Enero',2024),
(96,96,120,'Enero',2024),
(97,97,120,'Enero',2024),
(98,98,120,'Enero',2024),
(99,99,120,'Enero',2024),
(100,100,120,'Enero',2024),
(101,101,120,'Enero',2024),
(102,102,120,'Enero',2024),
(103,103,120,'Enero',2024),
(104,104,120,'Enero',2024),
(105,105,120,'Enero',2024),
(106,106,120,'Enero',2024),
(107,107,120,'Enero',2024),
(108,108,120,'Enero',2024),
(109,109,120,'Enero',2024),
(110,110,120,'Enero',2024),
(111,111,120,'Enero',2024),
(112,112,120,'Enero',2024),
(113,113,120,'Enero',2024),
(114,114,120,'Enero',2024),
(115,115,120,'Enero',2024),
(116,116,120,'Enero',2024),
(117,117,120,'Enero',2024),
(118,118,120,'Enero',2024),
(119,119,120,'Enero',2024),
(120,120,120,'Enero',2024),
(121,121,120,'Enero',2024),
(122,122,120,'Enero',2024),
(123,123,120,'Enero',2024),
(124,124,120,'Enero',2024),
(125,125,120,'Enero',2024),
(126,126,120,'Enero',2024),
(127,127,120,'Enero',2024),
(128,128,120,'Enero',2024),
(129,129,120,'Enero',2024),
(130,130,120,'Enero',2024),
(131,131,120,'Enero',2024),
(132,132,120,'Enero',2024),
(133,133,120,'Enero',2024),
(134,134,120,'Enero',2024),
(135,135,120,'Enero',2024),
(136,136,120,'Enero',2024),
(137,137,120,'Enero',2024),
(138,138,120,'Enero',2024),
(139,139,120,'Enero',2024),
(140,140,120,'Enero',2024),
(141,141,120,'Enero',2024),
(142,142,120,'Enero',2024),
(143,143,120,'Enero',2024),
(144,144,120,'Enero',2024),
(145,145,120,'Enero',2024),
(146,146,120,'Enero',2024),
(147,147,120,'Enero',2024),
(148,148,120,'Enero',2024),
(149,149,120,'Enero',2024),
(150,150,120,'Enero',2024),
(151,151,120,'Enero',2024),
(152,152,120,'Enero',2024),
(153,153,120,'Enero',2024),
(154,154,120,'Enero',2024),
(155,155,120,'Enero',2024),
(156,156,120,'Enero',2024),
(157,157,120,'Enero',2024),
(158,158,120,'Enero',2024),
(159,159,120,'Enero',2024),
(160,160,120,'Enero',2024),
(161,161,120,'Enero',2024),
(162,162,120,'Enero',2024),
(163,163,120,'Enero',2024),
(164,164,120,'Enero',2024),
(165,165,120,'Enero',2024),
(166,166,120,'Enero',2024),
(167,167,120,'Enero',2024),
(168,168,120,'Enero',2024),
(169,169,120,'Enero',2024),
(170,170,120,'Enero',2024),
(171,171,120,'Enero',2024),
(172,172,120,'Enero',2024),
(173,173,120,'Enero',2024),
(174,174,120,'Enero',2024),
(175,175,120,'Enero',2024),
(176,176,120,'Enero',2024),
(177,177,120,'Enero',2024),
(178,178,120,'Enero',2024),
(179,179,120,'Enero',2024),
(180,180,120,'Enero',2024),
(181,181,120,'Enero',2024),
(182,182,120,'Enero',2024),
(183,183,120,'Enero',2024),
(184,184,120,'Enero',2024),
(185,185,120,'Enero',2024),
(186,186,120,'Enero',2024),
(187,187,120,'Enero',2024),
(188,188,120,'Enero',2024),
(189,189,120,'Enero',2024),
(190,190,120,'Enero',2024),
(191,191,120,'Enero',2024),
(192,192,120,'Enero',2024),
(193,193,120,'Enero',2024),
(194,194,120,'Enero',2024),
(195,195,120,'Enero',2024),
(196,196,120,'Enero',2024),
(197,197,120,'Enero',2024),
(198,198,120,'Enero',2024),
(199,199,120,'Enero',2024),
(200,200,120,'Enero',2024);

-- Febrero 2024
INSERT INTO Pagos VALUES
(201,1,120,'Febrero',2024),
(202,2,120,'Febrero',2024),
(203,3,120,'Febrero',2024),
(204,4,120,'Febrero',2024),
(205,5,120,'Febrero',2024),
(206,6,120,'Febrero',2024),
(207,7,120,'Febrero',2024),
(208,8,120,'Febrero',2024),
(209,9,120,'Febrero',2024),
(210,10,120,'Febrero',2024),
(211,11,120,'Febrero',2024),
(212,12,120,'Febrero',2024),
(213,13,120,'Febrero',2024),
(214,14,120,'Febrero',2024),
(215,15,120,'Febrero',2024),
(216,16,120,'Febrero',2024),
(217,17,120,'Febrero',2024),
(218,18,120,'Febrero',2024),
(219,19,120,'Febrero',2024),
(220,20,120,'Febrero',2024),
(221,21,120,'Febrero',2024),
(222,22,120,'Febrero',2024),
(223,23,120,'Febrero',2024),
(224,24,120,'Febrero',2024),
(225,25,120,'Febrero',2024),
(226,26,120,'Febrero',2024),
(227,27,120,'Febrero',2024),
(228,28,120,'Febrero',2024),
(229,29,120,'Febrero',2024),
(230,30,120,'Febrero',2024),
(231,31,120,'Febrero',2024),
(232,32,120,'Febrero',2024),
(233,33,120,'Febrero',2024),
(234,34,120,'Febrero',2024),
(235,35,120,'Febrero',2024),
(236,36,120,'Febrero',2024),
(237,37,120,'Febrero',2024),
(238,38,120,'Febrero',2024),
(239,39,120,'Febrero',2024),
(240,40,120,'Febrero',2024),
(241,41,120,'Febrero',2024),
(242,42,120,'Febrero',2024),
(243,43,120,'Febrero',2024),
(244,44,120,'Febrero',2024),
(245,45,120,'Febrero',2024),
(246,46,120,'Febrero',2024),
(247,47,120,'Febrero',2024),
(248,48,120,'Febrero',2024),
(249,49,120,'Febrero',2024),
(250,50,120,'Febrero',2024),
(251,51,120,'Febrero',2024),
(252,52,120,'Febrero',2024),
(253,53,120,'Febrero',2024),
(254,54,120,'Febrero',2024),
(255,55,120,'Febrero',2024),
(256,56,120,'Febrero',2024),
(257,57,120,'Febrero',2024),
(258,58,120,'Febrero',2024),
(259,59,120,'Febrero',2024),
(260,60,120,'Febrero',2024),
(261,61,120,'Febrero',2024),
(262,62,120,'Febrero',2024),
(263,63,120,'Febrero',2024),
(264,64,120,'Febrero',2024),
(265,65,120,'Febrero',2024),
(266,66,120,'Febrero',2024),
(267,67,120,'Febrero',2024),
(268,68,120,'Febrero',2024),
(269,69,120,'Febrero',2024),
(270,70,120,'Febrero',2024),
(271,71,120,'Febrero',2024),
(272,72,120,'Febrero',2024),
(273,73,120,'Febrero',2024),
(274,74,120,'Febrero',2024),
(275,75,120,'Febrero',2024),
(276,76,120,'Febrero',2024),
(277,77,120,'Febrero',2024),
(278,78,120,'Febrero',2024),
(279,79,120,'Febrero',2024),
(280,80,120,'Febrero',2024),
(281,81,120,'Febrero',2024),
(282,82,120,'Febrero',2024),
(283,83,120,'Febrero',2024),
(284,84,120,'Febrero',2024),
(285,85,120,'Febrero',2024),
(286,86,120,'Febrero',2024),
(287,87,120,'Febrero',2024),
(288,88,120,'Febrero',2024),
(289,89,120,'Febrero',2024),
(290,90,120,'Febrero',2024),
(291,91,120,'Febrero',2024),
(292,92,120,'Febrero',2024),
(293,93,120,'Febrero',2024),
(294,94,120,'Febrero',2024),
(295,95,120,'Febrero',2024),
(296,96,120,'Febrero',2024),
(297,97,120,'Febrero',2024),
(298,98,120,'Febrero',2024),
(299,99,120,'Febrero',2024),
(300,100,120,'Febrero',2024),
(301,101,120,'Febrero',2024),
(302,102,120,'Febrero',2024),
(303,103,120,'Febrero',2024),
(304,104,120,'Febrero',2024),
(305,105,120,'Febrero',2024),
(306,106,120,'Febrero',2024),
(307,107,120,'Febrero',2024),
(308,108,120,'Febrero',2024),
(309,109,120,'Febrero',2024),
(310,110,120,'Febrero',2024),
(311,111,120,'Febrero',2024),
(312,112,120,'Febrero',2024),
(313,113,120,'Febrero',2024),
(314,114,120,'Febrero',2024),
(315,115,120,'Febrero',2024),
(316,116,120,'Febrero',2024),
(317,117,120,'Febrero',2024),
(318,118,120,'Febrero',2024),
(319,119,120,'Febrero',2024),
(320,120,120,'Febrero',2024),
(321,121,120,'Febrero',2024),
(322,122,120,'Febrero',2024),
(323,123,120,'Febrero',2024),
(324,124,120,'Febrero',2024),
(325,125,120,'Febrero',2024),
(326,126,120,'Febrero',2024),
(327,127,120,'Febrero',2024),
(328,128,120,'Febrero',2024),
(329,129,120,'Febrero',2024),
(330,130,120,'Febrero',2024),
(331,131,120,'Febrero',2024),
(332,132,120,'Febrero',2024),
(333,133,120,'Febrero',2024),
(334,134,120,'Febrero',2024),
(335,135,120,'Febrero',2024),
(336,136,120,'Febrero',2024),
(337,137,120,'Febrero',2024),
(338,138,120,'Febrero',2024),
(339,139,120,'Febrero',2024),
(340,140,120,'Febrero',2024),
(341,141,120,'Febrero',2024),
(342,142,120,'Febrero',2024),
(343,143,120,'Febrero',2024),
(344,144,120,'Febrero',2024),
(345,145,120,'Febrero',2024),
(346,146,120,'Febrero',2024),
(347,147,120,'Febrero',2024),
(348,148,120,'Febrero',2024),
(349,149,120,'Febrero',2024),
(350,150,120,'Febrero',2024),
(351,151,120,'Febrero',2024),
(352,152,120,'Febrero',2024),
(353,153,120,'Febrero',2024),
(354,154,120,'Febrero',2024),
(355,155,120,'Febrero',2024),
(356,156,120,'Febrero',2024),
(357,157,120,'Febrero',2024),
(358,158,120,'Febrero',2024),
(359,159,120,'Febrero',2024),
(360,160,120,'Febrero',2024),
(361,161,120,'Febrero',2024),
(362,162,120,'Febrero',2024),
(363,163,120,'Febrero',2024),
(364,164,120,'Febrero',2024),
(365,165,120,'Febrero',2024),
(366,166,120,'Febrero',2024),
(367,167,120,'Febrero',2024),
(368,168,120,'Febrero',2024),
(369,169,120,'Febrero',2024),
(370,170,120,'Febrero',2024),
(371,171,120,'Febrero',2024),
(372,172,120,'Febrero',2024),
(373,173,120,'Febrero',2024),
(374,174,120,'Febrero',2024),
(375,175,120,'Febrero',2024),
(376,176,120,'Febrero',2024),
(377,177,120,'Febrero',2024),
(378,178,120,'Febrero',2024),
(379,179,120,'Febrero',2024),
(380,180,120,'Febrero',2024),
(381,181,120,'Febrero',2024),
(382,182,120,'Febrero',2024),
(383,183,120,'Febrero',2024),
(384,184,120,'Febrero',2024),
(385,185,120,'Febrero',2024),
(386,186,120,'Febrero',2024),
(387,187,120,'Febrero',2024),
(388,188,120,'Febrero',2024),
(389,189,120,'Febrero',2024),
(390,190,120,'Febrero',2024),
(391,191,120,'Febrero',2024),
(392,192,120,'Febrero',2024),
(393,193,120,'Febrero',2024),
(394,194,120,'Febrero',2024),
(395,195,120,'Febrero',2024),
(396,196,120,'Febrero',2024),
(397,197,120,'Febrero',2024),
(398,198,120,'Febrero',2024),
(399,199,120,'Febrero',2024),
(400,200,120,'Febrero',2024);

-- Marzo 2024
INSERT INTO Pagos VALUES
(401,1,120,'Marzo',2024),
(402,2,120,'Marzo',2024),
(403,3,120,'Marzo',2024),
(404,4,120,'Marzo',2024),
(405,5,120,'Marzo',2024),
(406,6,120,'Marzo',2024),
(407,7,120,'Marzo',2024),
(408,8,120,'Marzo',2024),
(409,9,120,'Marzo',2024),
(410,10,120,'Marzo',2024),
(411,11,120,'Marzo',2024),
(412,12,120,'Marzo',2024),
(413,13,120,'Marzo',2024),
(414,14,120,'Marzo',2024),
(415,15,120,'Marzo',2024),
(416,16,120,'Marzo',2024),
(417,17,120,'Marzo',2024),
(418,18,120,'Marzo',2024),
(419,19,120,'Marzo',2024),
(420,20,120,'Marzo',2024),
(421,21,120,'Marzo',2024),
(422,22,120,'Marzo',2024),
(423,23,120,'Marzo',2024),
(424,24,120,'Marzo',2024),
(425,25,120,'Marzo',2024),
(426,26,120,'Marzo',2024),
(427,27,120,'Marzo',2024),
(428,28,120,'Marzo',2024),
(429,29,120,'Marzo',2024),
(430,30,120,'Marzo',2024),
(431,31,120,'Marzo',2024),
(432,32,120,'Marzo',2024),
(433,33,120,'Marzo',2024),
(434,34,120,'Marzo',2024),
(435,35,120,'Marzo',2024),
(436,36,120,'Marzo',2024),
(437,37,120,'Marzo',2024),
(438,38,120,'Marzo',2024),
(439,39,120,'Marzo',2024),
(440,40,120,'Marzo',2024),
(441,41,120,'Marzo',2024),
(442,42,120,'Marzo',2024),
(443,43,120,'Marzo',2024),
(444,44,120,'Marzo',2024),
(445,45,120,'Marzo',2024),
(446,46,120,'Marzo',2024),
(447,47,120,'Marzo',2024),
(448,48,120,'Marzo',2024),
(449,49,120,'Marzo',2024),
(450,50,120,'Marzo',2024),
(451,51,120,'Marzo',2024),
(452,52,120,'Marzo',2024),
(453,53,120,'Marzo',2024),
(454,54,120,'Marzo',2024),
(455,55,120,'Marzo',2024),
(456,56,120,'Marzo',2024),
(457,57,120,'Marzo',2024),
(458,58,120,'Marzo',2024),
(459,59,120,'Marzo',2024),
(460,60,120,'Marzo',2024),
(461,61,120,'Marzo',2024),
(462,62,120,'Marzo',2024),
(463,63,120,'Marzo',2024),
(464,64,120,'Marzo',2024),
(465,65,120,'Marzo',2024),
(466,66,120,'Marzo',2024),
(467,67,120,'Marzo',2024),
(468,68,120,'Marzo',2024),
(469,69,120,'Marzo',2024),
(470,70,120,'Marzo',2024),
(471,71,120,'Marzo',2024),
(472,72,120,'Marzo',2024),
(473,73,120,'Marzo',2024),
(474,74,120,'Marzo',2024),
(475,75,120,'Marzo',2024),
(476,76,120,'Marzo',2024),
(477,77,120,'Marzo',2024),
(478,78,120,'Marzo',2024),
(479,79,120,'Marzo',2024),
(480,80,120,'Marzo',2024),
(481,81,120,'Marzo',2024),
(482,82,120,'Marzo',2024),
(483,83,120,'Marzo',2024),
(484,84,120,'Marzo',2024),
(485,85,120,'Marzo',2024),
(486,86,120,'Marzo',2024),
(487,87,120,'Marzo',2024),
(488,88,120,'Marzo',2024),
(489,89,120,'Marzo',2024),
(490,90,120,'Marzo',2024),
(491,91,120,'Marzo',2024),
(492,92,120,'Marzo',2024),
(493,93,120,'Marzo',2024),
(494,94,120,'Marzo',2024),
(495,95,120,'Marzo',2024),
(496,96,120,'Marzo',2024),
(497,97,120,'Marzo',2024),
(498,98,120,'Marzo',2024),
(499,99,120,'Marzo',2024),
(500,100,120,'Marzo',2024),
(501,101,120,'Marzo',2024),
(502,102,120,'Marzo',2024),
(503,103,120,'Marzo',2024),
(504,104,120,'Marzo',2024),
(505,105,120,'Marzo',2024),
(506,106,120,'Marzo',2024),
(507,107,120,'Marzo',2024),
(508,108,120,'Marzo',2024),
(509,109,120,'Marzo',2024),
(510,110,120,'Marzo',2024),
(511,111,120,'Marzo',2024),
(512,112,120,'Marzo',2024),
(513,113,120,'Marzo',2024),
(514,114,120,'Marzo',2024),
(515,115,120,'Marzo',2024),
(516,116,120,'Marzo',2024),
(517,117,120,'Marzo',2024),
(518,118,120,'Marzo',2024),
(519,119,120,'Marzo',2024),
(520,120,120,'Marzo',2024),
(521,121,120,'Marzo',2024),
(522,122,120,'Marzo',2024),
(523,123,120,'Marzo',2024),
(524,124,120,'Marzo',2024),
(525,125,120,'Marzo',2024),
(526,126,120,'Marzo',2024),
(527,127,120,'Marzo',2024),
(528,128,120,'Marzo',2024),
(529,129,120,'Marzo',2024),
(530,130,120,'Marzo',2024),
(531,131,120,'Marzo',2024),
(532,132,120,'Marzo',2024),
(533,133,120,'Marzo',2024),
(534,134,120,'Marzo',2024),
(535,135,120,'Marzo',2024),
(536,136,120,'Marzo',2024),
(537,137,120,'Marzo',2024),
(538,138,120,'Marzo',2024),
(539,139,120,'Marzo',2024),
(540,140,120,'Marzo',2024),
(541,141,120,'Marzo',2024),
(542,142,120,'Marzo',2024),
(543,143,120,'Marzo',2024),
(544,144,120,'Marzo',2024),
(545,145,120,'Marzo',2024),
(546,146,120,'Marzo',2024),
(547,147,120,'Marzo',2024),
(548,148,120,'Marzo',2024),
(549,149,120,'Marzo',2024),
(550,150,120,'Marzo',2024),
(551,151,120,'Marzo',2024),
(552,152,120,'Marzo',2024),
(553,153,120,'Marzo',2024),
(554,154,120,'Marzo',2024),
(555,155,120,'Marzo',2024),
(556,156,120,'Marzo',2024),
(557,157,120,'Marzo',2024),
(558,158,120,'Marzo',2024),
(559,159,120,'Marzo',2024),
(560,160,120,'Marzo',2024),
(561,161,120,'Marzo',2024),
(562,162,120,'Marzo',2024),
(563,163,120,'Marzo',2024),
(564,164,120,'Marzo',2024),
(565,165,120,'Marzo',2024),
(566,166,120,'Marzo',2024),
(567,167,120,'Marzo',2024),
(568,168,120,'Marzo',2024),
(569,169,120,'Marzo',2024),
(570,170,120,'Marzo',2024),
(571,171,120,'Marzo',2024),
(572,172,120,'Marzo',2024),
(573,173,120,'Marzo',2024),
(574,174,120,'Marzo',2024),
(575,175,120,'Marzo',2024),
(576,176,120,'Marzo',2024),
(577,177,120,'Marzo',2024),
(578,178,120,'Marzo',2024),
(579,179,120,'Marzo',2024),
(580,180,120,'Marzo',2024),
(581,181,120,'Marzo',2024),
(582,182,120,'Marzo',2024),
(583,183,120,'Marzo',2024),
(584,184,120,'Marzo',2024),
(585,185,120,'Marzo',2024),
(586,186,120,'Marzo',2024),
(587,187,120,'Marzo',2024),
(588,188,120,'Marzo',2024),
(589,189,120,'Marzo',2024),
(590,190,120,'Marzo',2024),
(591,191,120,'Marzo',2024),
(592,192,120,'Marzo',2024),
(593,193,120,'Marzo',2024),
(594,194,120,'Marzo',2024),
(595,195,120,'Marzo',2024),
(596,196,120,'Marzo',2024),
(597,197,120,'Marzo',2024),
(598,198,120,'Marzo',2024),
(599,199,120,'Marzo',2024),
(600,200,120,'Marzo',2024);

-- Abril 2024
INSERT INTO Pagos VALUES
(601,1,120,'Abril',2024),
(602,2,120,'Abril',2024),
(603,3,120,'Abril',2024),
(604,4,120,'Abril',2024),
(605,5,120,'Abril',2024),
(606,6,120,'Abril',2024),
(607,7,120,'Abril',2024),
(608,8,120,'Abril',2024),
(609,9,120,'Abril',2024),
(610,10,120,'Abril',2024),
(611,11,120,'Abril',2024),
(612,12,120,'Abril',2024),
(613,13,120,'Abril',2024),
(614,14,120,'Abril',2024),
(615,15,120,'Abril',2024),
(616,16,120,'Abril',2024),
(617,17,120,'Abril',2024),
(618,18,120,'Abril',2024),
(619,19,120,'Abril',2024),
(620,20,120,'Abril',2024),
(621,21,120,'Abril',2024),
(622,22,120,'Abril',2024),
(623,23,120,'Abril',2024),
(624,24,120,'Abril',2024),
(625,25,120,'Abril',2024),
(626,26,120,'Abril',2024),
(627,27,120,'Abril',2024),
(628,28,120,'Abril',2024),
(629,29,120,'Abril',2024),
(630,30,120,'Abril',2024),
(631,31,120,'Abril',2024),
(632,32,120,'Abril',2024),
(633,33,120,'Abril',2024),
(634,34,120,'Abril',2024),
(635,35,120,'Abril',2024),
(636,36,120,'Abril',2024),
(637,37,120,'Abril',2024),
(638,38,120,'Abril',2024),
(639,39,120,'Abril',2024),
(640,40,120,'Abril',2024),
(641,41,120,'Abril',2024),
(642,42,120,'Abril',2024),
(643,43,120,'Abril',2024),
(644,44,120,'Abril',2024),
(645,45,120,'Abril',2024),
(646,46,120,'Abril',2024),
(647,47,120,'Abril',2024),
(648,48,120,'Abril',2024),
(649,49,120,'Abril',2024),
(650,50,120,'Abril',2024),
(651,51,120,'Abril',2024),
(652,52,120,'Abril',2024),
(653,53,120,'Abril',2024),
(654,54,120,'Abril',2024),
(655,55,120,'Abril',2024),
(656,56,120,'Abril',2024),
(657,57,120,'Abril',2024),
(658,58,120,'Abril',2024),
(659,59,120,'Abril',2024),
(660,60,120,'Abril',2024),
(661,61,120,'Abril',2024),
(662,62,120,'Abril',2024),
(663,63,120,'Abril',2024),
(664,64,120,'Abril',2024),
(665,65,120,'Abril',2024),
(666,66,120,'Abril',2024),
(667,67,120,'Abril',2024),
(668,68,120,'Abril',2024),
(669,69,120,'Abril',2024),
(670,70,120,'Abril',2024),
(671,71,120,'Abril',2024),
(672,72,120,'Abril',2024),
(673,73,120,'Abril',2024),
(674,74,120,'Abril',2024),
(675,75,120,'Abril',2024),
(676,76,120,'Abril',2024),
(677,77,120,'Abril',2024),
(678,78,120,'Abril',2024),
(679,79,120,'Abril',2024),
(680,80,120,'Abril',2024),
(681,81,120,'Abril',2024),
(682,82,120,'Abril',2024),
(683,83,120,'Abril',2024),
(684,84,120,'Abril',2024),
(685,85,120,'Abril',2024),
(686,86,120,'Abril',2024),
(687,87,120,'Abril',2024),
(688,88,120,'Abril',2024),
(689,89,120,'Abril',2024),
(690,90,120,'Abril',2024),
(691,91,120,'Abril',2024),
(692,92,120,'Abril',2024),
(693,93,120,'Abril',2024),
(694,94,120,'Abril',2024),
(695,95,120,'Abril',2024),
(696,96,120,'Abril',2024),
(697,97,120,'Abril',2024),
(698,98,120,'Abril',2024),
(699,99,120,'Abril',2024),
(700,100,120,'Abril',2024),
(701,101,120,'Abril',2024),
(702,102,120,'Abril',2024),
(703,103,120,'Abril',2024),
(704,104,120,'Abril',2024),
(705,105,120,'Abril',2024),
(706,106,120,'Abril',2024),
(707,107,120,'Abril',2024),
(708,108,120,'Abril',2024),
(709,109,120,'Abril',2024),
(710,110,120,'Abril',2024),
(711,111,120,'Abril',2024),
(712,112,120,'Abril',2024),
(713,113,120,'Abril',2024),
(714,114,120,'Abril',2024),
(715,115,120,'Abril',2024),
(716,116,120,'Abril',2024),
(717,117,120,'Abril',2024),
(718,118,120,'Abril',2024),
(719,119,120,'Abril',2024),
(720,120,120,'Abril',2024),
(721,121,120,'Abril',2024),
(722,122,120,'Abril',2024),
(723,123,120,'Abril',2024),
(724,124,120,'Abril',2024),
(725,125,120,'Abril',2024),
(726,126,120,'Abril',2024),
(727,127,120,'Abril',2024),
(728,128,120,'Abril',2024),
(729,129,120,'Abril',2024),
(730,130,120,'Abril',2024),
(731,131,120,'Abril',2024),
(732,132,120,'Abril',2024),
(733,133,120,'Abril',2024),
(734,134,120,'Abril',2024),
(735,135,120,'Abril',2024),
(736,136,120,'Abril',2024),
(737,137,120,'Abril',2024),
(738,138,120,'Abril',2024),
(739,139,120,'Abril',2024),
(740,140,120,'Abril',2024),
(741,141,120,'Abril',2024),
(742,142,120,'Abril',2024),
(743,143,120,'Abril',2024),
(744,144,120,'Abril',2024),
(745,145,120,'Abril',2024),
(746,146,120,'Abril',2024),
(747,147,120,'Abril',2024),
(748,148,120,'Abril',2024),
(749,149,120,'Abril',2024),
(750,150,120,'Abril',2024),
(751,151,120,'Abril',2024),
(752,152,120,'Abril',2024),
(753,153,120,'Abril',2024),
(754,154,120,'Abril',2024),
(755,155,120,'Abril',2024),
(756,156,120,'Abril',2024),
(757,157,120,'Abril',2024),
(758,158,120,'Abril',2024),
(759,159,120,'Abril',2024),
(760,160,120,'Abril',2024),
(761,161,120,'Abril',2024),
(762,162,120,'Abril',2024),
(763,163,120,'Abril',2024),
(764,164,120,'Abril',2024),
(765,165,120,'Abril',2024),
(766,166,120,'Abril',2024),
(767,167,120,'Abril',2024),
(768,168,120,'Abril',2024),
(769,169,120,'Abril',2024),
(770,170,120,'Abril',2024),
(771,171,120,'Abril',2024),
(772,172,120,'Abril',2024),
(773,173,120,'Abril',2024),
(774,174,120,'Abril',2024),
(775,175,120,'Abril',2024),
(776,176,120,'Abril',2024),
(777,177,120,'Abril',2024),
(778,178,120,'Abril',2024),
(779,179,120,'Abril',2024),
(780,180,120,'Abril',2024),
(781,181,120,'Abril',2024),
(782,182,120,'Abril',2024),
(783,183,120,'Abril',2024),
(784,184,120,'Abril',2024),
(785,185,120,'Abril',2024),
(786,186,120,'Abril',2024),
(787,187,120,'Abril',2024),
(788,188,120,'Abril',2024),
(789,189,120,'Abril',2024),
(790,190,120,'Abril',2024),
(791,191,120,'Abril',2024),
(792,192,120,'Abril',2024),
(793,193,120,'Abril',2024),
(794,194,120,'Abril',2024),
(795,195,120,'Abril',2024),
(796,196,120,'Abril',2024),
(797,197,120,'Abril',2024),
(798,198,120,'Abril',2024),
(799,199,120,'Abril',2024),
(800,200,120,'Abril',2024);

-- Mayo 2024
INSERT INTO Pagos VALUES
(801,1,120,'Mayo',2024),
(802,2,120,'Mayo',2024),
(803,3,120,'Mayo',2024),
(804,4,120,'Mayo',2024),
(805,5,120,'Mayo',2024),
(806,6,120,'Mayo',2024),
(807,7,120,'Mayo',2024),
(808,8,120,'Mayo',2024),
(809,9,120,'Mayo',2024),
(810,10,120,'Mayo',2024),
(811,11,120,'Mayo',2024),
(812,12,120,'Mayo',2024),
(813,13,120,'Mayo',2024),
(814,14,120,'Mayo',2024),
(815,15,120,'Mayo',2024),
(816,16,120,'Mayo',2024),
(817,17,120,'Mayo',2024),
(818,18,120,'Mayo',2024),
(819,19,120,'Mayo',2024),
(820,20,120,'Mayo',2024),
(821,21,120,'Mayo',2024),
(822,22,120,'Mayo',2024),
(823,23,120,'Mayo',2024),
(824,24,120,'Mayo',2024),
(825,25,120,'Mayo',2024),
(826,26,120,'Mayo',2024),
(827,27,120,'Mayo',2024),
(828,28,120,'Mayo',2024),
(829,29,120,'Mayo',2024),
(830,30,120,'Mayo',2024),
(831,31,120,'Mayo',2024),
(832,32,120,'Mayo',2024),
(833,33,120,'Mayo',2024),
(834,34,120,'Mayo',2024),
(835,35,120,'Mayo',2024),
(836,36,120,'Mayo',2024),
(837,37,120,'Mayo',2024),
(838,38,120,'Mayo',2024),
(839,39,120,'Mayo',2024),
(840,40,120,'Mayo',2024),
(841,41,120,'Mayo',2024),
(842,42,120,'Mayo',2024),
(843,43,120,'Mayo',2024),
(844,44,120,'Mayo',2024),
(845,45,120,'Mayo',2024),
(846,46,120,'Mayo',2024),
(847,47,120,'Mayo',2024),
(848,48,120,'Mayo',2024),
(849,49,120,'Mayo',2024),
(850,50,120,'Mayo',2024),
(851,51,120,'Mayo',2024),
(852,52,120,'Mayo',2024),
(853,53,120,'Mayo',2024),
(854,54,120,'Mayo',2024),
(855,55,120,'Mayo',2024),
(856,56,120,'Mayo',2024),
(857,57,120,'Mayo',2024),
(858,58,120,'Mayo',2024),
(859,59,120,'Mayo',2024),
(860,60,120,'Mayo',2024),
(861,61,120,'Mayo',2024),
(862,62,120,'Mayo',2024),
(863,63,120,'Mayo',2024),
(864,64,120,'Mayo',2024),
(865,65,120,'Mayo',2024),
(866,66,120,'Mayo',2024),
(867,67,120,'Mayo',2024),
(868,68,120,'Mayo',2024),
(869,69,120,'Mayo',2024),
(870,70,120,'Mayo',2024),
(871,71,120,'Mayo',2024),
(872,72,120,'Mayo',2024),
(873,73,120,'Mayo',2024),
(874,74,120,'Mayo',2024),
(875,75,120,'Mayo',2024),
(876,76,120,'Mayo',2024),
(877,77,120,'Mayo',2024),
(878,78,120,'Mayo',2024),
(879,79,120,'Mayo',2024),
(880,80,120,'Mayo',2024),
(881,81,120,'Mayo',2024),
(882,82,120,'Mayo',2024),
(883,83,120,'Mayo',2024),
(884,84,120,'Mayo',2024),
(885,85,120,'Mayo',2024),
(886,86,120,'Mayo',2024),
(887,87,120,'Mayo',2024),
(888,88,120,'Mayo',2024),
(889,89,120,'Mayo',2024),
(890,90,120,'Mayo',2024),
(891,91,120,'Mayo',2024),
(892,92,120,'Mayo',2024),
(893,93,120,'Mayo',2024),
(894,94,120,'Mayo',2024),
(895,95,120,'Mayo',2024),
(896,96,120,'Mayo',2024),
(897,97,120,'Mayo',2024),
(898,98,120,'Mayo',2024),
(899,99,120,'Mayo',2024),
(900,100,120,'Mayo',2024),
(901,101,120,'Mayo',2024),
(902,102,120,'Mayo',2024),
(903,103,120,'Mayo',2024),
(904,104,120,'Mayo',2024),
(905,105,120,'Mayo',2024),
(906,106,120,'Mayo',2024),
(907,107,120,'Mayo',2024),
(908,108,120,'Mayo',2024),
(909,109,120,'Mayo',2024),
(910,110,120,'Mayo',2024),
(911,111,120,'Mayo',2024),
(912,112,120,'Mayo',2024),
(913,113,120,'Mayo',2024),
(914,114,120,'Mayo',2024),
(915,115,120,'Mayo',2024),
(916,116,120,'Mayo',2024),
(917,117,120,'Mayo',2024),
(918,118,120,'Mayo',2024),
(919,119,120,'Mayo',2024),
(920,120,120,'Mayo',2024),
(921,121,120,'Mayo',2024),
(922,122,120,'Mayo',2024),
(923,123,120,'Mayo',2024),
(924,124,120,'Mayo',2024),
(925,125,120,'Mayo',2024),
(926,126,120,'Mayo',2024),
(927,127,120,'Mayo',2024),
(928,128,120,'Mayo',2024),
(929,129,120,'Mayo',2024),
(930,130,120,'Mayo',2024),
(931,131,120,'Mayo',2024),
(932,132,120,'Mayo',2024),
(933,133,120,'Mayo',2024),
(934,134,120,'Mayo',2024),
(935,135,120,'Mayo',2024),
(936,136,120,'Mayo',2024),
(937,137,120,'Mayo',2024),
(938,138,120,'Mayo',2024),
(939,139,120,'Mayo',2024),
(940,140,120,'Mayo',2024),
(941,141,120,'Mayo',2024),
(942,142,120,'Mayo',2024),
(943,143,120,'Mayo',2024),
(944,144,120,'Mayo',2024),
(945,145,120,'Mayo',2024),
(946,146,120,'Mayo',2024),
(947,147,120,'Mayo',2024),
(948,148,120,'Mayo',2024),
(949,149,120,'Mayo',2024),
(950,150,120,'Mayo',2024),
(951,151,120,'Mayo',2024),
(952,152,120,'Mayo',2024),
(953,153,120,'Mayo',2024),
(954,154,120,'Mayo',2024),
(955,155,120,'Mayo',2024),
(956,156,120,'Mayo',2024),
(957,157,120,'Mayo',2024),
(958,158,120,'Mayo',2024),
(959,159,120,'Mayo',2024),
(960,160,120,'Mayo',2024),
(961,161,120,'Mayo',2024),
(962,162,120,'Mayo',2024),
(963,163,120,'Mayo',2024),
(964,164,120,'Mayo',2024),
(965,165,120,'Mayo',2024),
(966,166,120,'Mayo',2024),
(967,167,120,'Mayo',2024),
(968,168,120,'Mayo',2024),
(969,169,120,'Mayo',2024),
(970,170,120,'Mayo',2024),
(971,171,120,'Mayo',2024),
(972,172,120,'Mayo',2024),
(973,173,120,'Mayo',2024),
(974,174,120,'Mayo',2024),
(975,175,120,'Mayo',2024),
(976,176,120,'Mayo',2024),
(977,177,120,'Mayo',2024),
(978,178,120,'Mayo',2024),
(979,179,120,'Mayo',2024),
(980,180,120,'Mayo',2024),
(981,181,120,'Mayo',2024),
(982,182,120,'Mayo',2024),
(983,183,120,'Mayo',2024),
(984,184,120,'Mayo',2024),
(985,185,120,'Mayo',2024),
(986,186,120,'Mayo',2024),
(987,187,120,'Mayo',2024),
(988,188,120,'Mayo',2024),
(989,189,120,'Mayo',2024),
(990,190,120,'Mayo',2024),
(991,191,120,'Mayo',2024),
(992,192,120,'Mayo',2024),
(993,193,120,'Mayo',2024),
(994,194,120,'Mayo',2024),
(995,195,120,'Mayo',2024),
(996,196,120,'Mayo',2024),
(997,197,120,'Mayo',2024),
(998,198,120,'Mayo',2024),
(999,199,120,'Mayo',2024),
(1000,200,120,'Mayo',2024);

-- Junio 2024
INSERT INTO Pagos VALUES
(1001,1,120,'Junio',2024),
(1002,2,120,'Junio',2024),
(1003,3,120,'Junio',2024),
(1004,4,120,'Junio',2024),
(1005,5,120,'Junio',2024),
(1006,6,120,'Junio',2024),
(1007,7,120,'Junio',2024),
(1008,8,120,'Junio',2024),
(1009,9,120,'Junio',2024),
(1010,10,120,'Junio',2024),
(1011,11,120,'Junio',2024),
(1012,12,120,'Junio',2024),
(1013,13,120,'Junio',2024),
(1014,14,120,'Junio',2024),
(1015,15,120,'Junio',2024),
(1016,16,120,'Junio',2024),
(1017,17,120,'Junio',2024),
(1018,18,120,'Junio',2024),
(1019,19,120,'Junio',2024),
(1020,20,120,'Junio',2024),
(1021,21,120,'Junio',2024),
(1022,22,120,'Junio',2024),
(1023,23,120,'Junio',2024),
(1024,24,120,'Junio',2024),
(1025,25,120,'Junio',2024),
(1026,26,120,'Junio',2024),
(1027,27,120,'Junio',2024),
(1028,28,120,'Junio',2024),
(1029,29,120,'Junio',2024),
(1030,30,120,'Junio',2024),
(1031,31,120,'Junio',2024),
(1032,32,120,'Junio',2024),
(1033,33,120,'Junio',2024),
(1034,34,120,'Junio',2024),
(1035,35,120,'Junio',2024),
(1036,36,120,'Junio',2024),
(1037,37,120,'Junio',2024),
(1038,38,120,'Junio',2024),
(1039,39,120,'Junio',2024),
(1040,40,120,'Junio',2024),
(1041,41,120,'Junio',2024),
(1042,42,120,'Junio',2024),
(1043,43,120,'Junio',2024),
(1044,44,120,'Junio',2024),
(1045,45,120,'Junio',2024),
(1046,46,120,'Junio',2024),
(1047,47,120,'Junio',2024),
(1048,48,120,'Junio',2024),
(1049,49,120,'Junio',2024),
(1050,50,120,'Junio',2024),
(1051,51,120,'Junio',2024),
(1052,52,120,'Junio',2024),
(1053,53,120,'Junio',2024),
(1054,54,120,'Junio',2024),
(1055,55,120,'Junio',2024),
(1056,56,120,'Junio',2024),
(1057,57,120,'Junio',2024),
(1058,58,120,'Junio',2024),
(1059,59,120,'Junio',2024),
(1060,60,120,'Junio',2024),
(1061,61,120,'Junio',2024),
(1062,62,120,'Junio',2024),
(1063,63,120,'Junio',2024),
(1064,64,120,'Junio',2024),
(1065,65,120,'Junio',2024),
(1066,66,120,'Junio',2024),
(1067,67,120,'Junio',2024),
(1068,68,120,'Junio',2024),
(1069,69,120,'Junio',2024),
(1070,70,120,'Junio',2024),
(1071,71,120,'Junio',2024),
(1072,72,120,'Junio',2024),
(1073,73,120,'Junio',2024),
(1074,74,120,'Junio',2024),
(1075,75,120,'Junio',2024),
(1076,76,120,'Junio',2024),
(1077,77,120,'Junio',2024),
(1078,78,120,'Junio',2024),
(1079,79,120,'Junio',2024),
(1080,80,120,'Junio',2024),
(1081,81,120,'Junio',2024),
(1082,82,120,'Junio',2024),
(1083,83,120,'Junio',2024),
(1084,84,120,'Junio',2024),
(1085,85,120,'Junio',2024),
(1086,86,120,'Junio',2024),
(1087,87,120,'Junio',2024),
(1088,88,120,'Junio',2024),
(1089,89,120,'Junio',2024),
(1090,90,120,'Junio',2024),
(1091,91,120,'Junio',2024),
(1092,92,120,'Junio',2024),
(1093,93,120,'Junio',2024),
(1094,94,120,'Junio',2024),
(1095,95,120,'Junio',2024),
(1096,96,120,'Junio',2024),
(1097,97,120,'Junio',2024),
(1098,98,120,'Junio',2024),
(1099,99,120,'Junio',2024),
(1100,100,120,'Junio',2024),
(1101,101,120,'Junio',2024),
(1102,102,120,'Junio',2024),
(1103,103,120,'Junio',2024),
(1104,104,120,'Junio',2024),
(1105,105,120,'Junio',2024),
(1106,106,120,'Junio',2024),
(1107,107,120,'Junio',2024),
(1108,108,120,'Junio',2024),
(1109,109,120,'Junio',2024),
(1110,110,120,'Junio',2024),
(1111,111,120,'Junio',2024),
(1112,112,120,'Junio',2024),
(1113,113,120,'Junio',2024),
(1114,114,120,'Junio',2024),
(1115,115,120,'Junio',2024),
(1116,116,120,'Junio',2024),
(1117,117,120,'Junio',2024),
(1118,118,120,'Junio',2024),
(1119,119,120,'Junio',2024),
(1120,120,120,'Junio',2024),
(1121,121,120,'Junio',2024),
(1122,122,120,'Junio',2024),
(1123,123,120,'Junio',2024),
(1124,124,120,'Junio',2024),
(1125,125,120,'Junio',2024),
(1126,126,120,'Junio',2024),
(1127,127,120,'Junio',2024),
(1128,128,120,'Junio',2024),
(1129,129,120,'Junio',2024),
(1130,130,120,'Junio',2024),
(1131,131,120,'Junio',2024),
(1132,132,120,'Junio',2024),
(1133,133,120,'Junio',2024),
(1134,134,120,'Junio',2024),
(1135,135,120,'Junio',2024),
(1136,136,120,'Junio',2024),
(1137,137,120,'Junio',2024),
(1138,138,120,'Junio',2024),
(1139,139,120,'Junio',2024),
(1140,140,120,'Junio',2024),
(1141,141,120,'Junio',2024),
(1142,142,120,'Junio',2024),
(1143,143,120,'Junio',2024),
(1144,144,120,'Junio',2024),
(1145,145,120,'Junio',2024),
(1146,146,120,'Junio',2024),
(1147,147,120,'Junio',2024),
(1148,148,120,'Junio',2024),
(1149,149,120,'Junio',2024),
(1150,150,120,'Junio',2024),
(1151,151,120,'Junio',2024),
(1152,152,120,'Junio',2024),
(1153,153,120,'Junio',2024),
(1154,154,120,'Junio',2024),
(1155,155,120,'Junio',2024),
(1156,156,120,'Junio',2024),
(1157,157,120,'Junio',2024),
(1158,158,120,'Junio',2024),
(1159,159,120,'Junio',2024),
(1160,160,120,'Junio',2024),
(1161,161,120,'Junio',2024),
(1162,162,120,'Junio',2024),
(1163,163,120,'Junio',2024),
(1164,164,120,'Junio',2024),
(1165,165,120,'Junio',2024),
(1166,166,120,'Junio',2024),
(1167,167,120,'Junio',2024),
(1168,168,120,'Junio',2024),
(1169,169,120,'Junio',2024),
(1170,170,120,'Junio',2024),
(1171,171,120,'Junio',2024),
(1172,172,120,'Junio',2024),
(1173,173,120,'Junio',2024),
(1174,174,120,'Junio',2024),
(1175,175,120,'Junio',2024),
(1176,176,120,'Junio',2024),
(1177,177,120,'Junio',2024),
(1178,178,120,'Junio',2024),
(1179,179,120,'Junio',2024),
(1180,180,120,'Junio',2024),
(1181,181,120,'Junio',2024),
(1182,182,120,'Junio',2024),
(1183,183,120,'Junio',2024),
(1184,184,120,'Junio',2024),
(1185,185,120,'Junio',2024),
(1186,186,120,'Junio',2024),
(1187,187,120,'Junio',2024),
(1188,188,120,'Junio',2024),
(1189,189,120,'Junio',2024),
(1190,190,120,'Junio',2024),
(1191,191,120,'Junio',2024),
(1192,192,120,'Junio',2024),
(1193,193,120,'Junio',2024),
(1194,194,120,'Junio',2024),
(1195,195,120,'Junio',2024),
(1196,196,120,'Junio',2024),
(1197,197,120,'Junio',2024),
(1198,198,120,'Junio',2024),
(1199,199,120,'Junio',2024),
(1200,200,120,'Junio',2024);


-- Total de estudiantes
-- Estudiantes por ciudad
-- Ingreso total mensual
-- Estudiantes por grado
-- Estudiantes provenientes de Usulutan